run_id,commit_sha,timestamp,outcome,failure_class,note
20596277183,d6a04b54cb61a291e575c804dfb2e1574e5d37f0,2025-12-30T12:13:52Z,success,none,RUN_MARKER=1
20596277175,7da9ce43a1aa56afc4ea5d23fbbe0c7a2bc4cb6a,2025-12-30T12:13:53Z,success,none,RUN_MARKER=2
20596277426,5d88f2002a085df8634ec16eac4e81771c1e8f14,2025-12-30T12:13:53Z,success,none,RUN_MARKER=3
20596277595,4242497704fec05e074aaa448fbeaa0068a96e37,2025-12-30T12:13:54Z,success,none,RUN_MARKER=4
20596278056,8d1063b3b0db8cab5b37f460398cb59ebb8a531a,2025-12-30T12:13:55Z,success,none,RUN_MARKER=5
20596278295,d85401b12e9692ba8ed897dc4120ce9d27a7a853,2025-12-30T12:13:55Z,success,none,RUN_MARKER=6
20596278469,adbb64706e00b1be220f367c17cddb41960f6a6d,2025-12-30T12:13:56Z,success,none,RUN_MARKER=7
20596278789,2c3b7955eacc475c2a6e0e6d7c3b4fa6efa0da59,2025-12-30T12:13:57Z,success,none,RUN_MARKER=8
20596279201,0998355eb0f380352e812f5f8c23a3c175147da6,2025-12-30T12:13:58Z,success,none,RUN_MARKER=9
20596279492,2f075e2ad66ff6fdf65e2a8aea22fe251d7ca8b3,2025-12-30T12:13:59Z,success,none,RUN_MARKER=10
20596279793,41d63356df728ed621d955efe330fc5224b9b3c9,2025-12-30T12:14:00Z,success,none,RUN_MARKER=11
20596279962,a19a993f08ce414be2a4f5d92b11de1618e8bb54,2025-12-30T12:14:01Z,success,none,RUN_MARKER=12
20596280318,7d54b80231ef8721a94a3ae256ee9e2c95d240da,2025-12-30T12:14:02Z,success,none,RUN_MARKER=13
20596280694,fc2e5838ad834558ed50bfd3fd3131d7a34b221e,2025-12-30T12:14:03Z,success,none,RUN_MARKER=14
20596280909,40108237e89a380a954ae9a79237cfff09993822,2025-12-30T12:14:03Z,success,none,RUN_MARKER=15
20596281262,f45a500e8e79dacced6bdf274ffbec91f3cff1a7,2025-12-30T12:14:04Z,success,none,RUN_MARKER=16
20596281436,64c1e4e9bb7f46fe5ff6bc510f165190c670a9ec,2025-12-30T12:14:05Z,success,none,RUN_MARKER=17
20596281653,ea316a83b50c227fea8c2d8a35928838fd3eba0c,2025-12-30T12:14:06Z,success,none,RUN_MARKER=18
20596282006,afc98ae7be7b6abe036e8260783985a31d3955e8,2025-12-30T12:14:07Z,success,none,RUN_MARKER=19
20596282225,ce7ab1e4bc8dad7f635358138a81f2d18c14fb4a,2025-12-30T12:14:08Z,success,none,RUN_MARKER=20
20596282431,784f1354c7f12c62b3f6b9875e0e2b21625978e5,2025-12-30T12:14:09Z,success,none,RUN_MARKER=21
20596282762,3890bcf5880631720e57916bdd3d7573b80b26ea,2025-12-30T12:14:10Z,success,none,RUN_MARKER=22
20596283005,4ea69cc13b869699dce0f3bcdc3187f35c03cc84,2025-12-30T12:14:10Z,success,none,RUN_MARKER=23
20596283106,ce9a617e73020862e3f210724c0f13e8e07b3590,2025-12-30T12:14:11Z,success,none,RUN_MARKER=24
20596283408,a4e825f0aac7c10826f312b437d861a85f798a0f,2025-12-30T12:14:12Z,success,none,RUN_MARKER=25
20596283825,b790ca43b76a27be99df098d5e41020ff9e318bf,2025-12-30T12:14:14Z,failure,backend_test,RUN_MARKER=1
20596284125,39353d55732147eb3d8eb22c96bc1f7affbc15c2,2025-12-30T12:14:15Z,failure,backend_test,RUN_MARKER=2
20596284609,84b637093a4a3c1f4961bf55284ad0a91f0eb486,2025-12-30T12:14:16Z,failure,backend_test,RUN_MARKER=3
20596284607,9cf3d96132daf993341e15904d1a32398e08b41d,2025-12-30T12:14:17Z,failure,backend_test,RUN_MARKER=4
20596284906,dc16b9dd37766890a08f53c9a83bc39e19291cfe,2025-12-30T12:14:17Z,failure,backend_test,RUN_MARKER=5
20596285333,9783c2de3946590b61c97b3a7b5103991b87f286,2025-12-30T12:14:18Z,failure,backend_test,RUN_MARKER=6
20596285748,71d0a53d9b6f5ce5c920ae3ed8f92bdde1c27ee4,2025-12-30T12:14:20Z,failure,frontend_build,RUN_MARKER=1
20596286056,8296a9e1aa8e61878c4c899067d24a5ffb2bbcc0,2025-12-30T12:14:21Z,failure,frontend_build,RUN_MARKER=2
20596286291,0849f81850af992caae879ab6155b4205266c823,2025-12-30T12:14:22Z,failure,frontend_build,RUN_MARKER=3
20596286619,fa5804b990b67e2dc910a6921533b1650705bb5c,2025-12-30T12:14:23Z,failure,frontend_build,RUN_MARKER=4
20596286992,123c4fda5f1f3de15752fef8d150cc82d1cb1454,2025-12-30T12:14:23Z,failure,frontend_build,RUN_MARKER=5
20596287099,99b6efd02fa0a8ee32c234c02a2044e28b9385be,2025-12-30T12:14:24Z,failure,frontend_build,RUN_MARKER=6
20596287608,d38abdd10a25dc6bae4ec3f3da93ff4069ca61d0,2025-12-30T12:14:25Z,failure,dependency,RUN_MARKER=1
20596287950,7468dc08d08e440ad2a6c0eadd5ddd3773230b6f,2025-12-30T12:14:26Z,failure,dependency,RUN_MARKER=2
20596288301,77a544fb955e5dae193efd1bcbb091cfb6103bf3,2025-12-30T12:14:27Z,failure,dependency,RUN_MARKER=3
20596288581,32901e0c8c8fd133aa5e41391ea12ff95ae815d8,2025-12-30T12:14:27Z,failure,dependency,RUN_MARKER=4
20596288765,08a014d639a484aed72e2c7a929b50f968412ee3,2025-12-30T12:14:28Z,failure,dependency,RUN_MARKER=5
20596289025,5074fc0d6366890fa7cbd4a902bcafcf100f1803,2025-12-30T12:14:29Z,failure,dependency,RUN_MARKER=6
20596289580,7f4b4ecb43a6bfaf1c7646f203eab370a30de79c,2025-12-30T12:14:31Z,success,none,RUN_MARKER=1 (deploy not triggered)
20596289891,4df6e15f18ffbd09c44dd574aae9fd52940b9b39,2025-12-30T12:14:32Z,success,none,RUN_MARKER=2 (deploy not triggered)
20596576671,4df6e15f18ffbd09c44dd574aae9fd52940b9b39,2025-12-30T12:30:39Z,failure,deploy,workflow_dispatch deploy test
20596575942,4df6e15f18ffbd09c44dd574aae9fd52940b9b39,2025-12-30T12:30:36Z,failure,deploy,workflow_dispatch deploy test
